Random Number	Total Steps
 132764				118
  287640				52
  138758				131
  493650				125
  387155				130
  163593				183
  108349				97
  2086				125
  193702				103
  233148				124
  481810				213
  190344				103
  65262				117
  77547				63
  476088				76
  35144				142
  129137				74
  23111				56
  277522				163
  288045				145
  136785				87
  314789				109
  92615				115
  216152				67
  330554				122
  261503				207
  320694				184
  129875				162
  36990				186
  349831				153
  472341				138
  169753				227
  153822				232
  111098				260
  163402				183
  40976				150
  291043				145
  288102				83
  43062				106
  1096				93
  37602				124
  41223				93
  191440				54
  119215				48
  135121				61
  183879				178
  154358				113
  280609				220
  223342				93
  431879				94
  68653				112
  360126				166
  246667				256
  177619				95
  92629				58
  93573				221
  439121				187
  429675				99
  223447				93
  492462				63
  279505				114
  195787				72
  162214				90
  449678				138
  323237				277
  341967				184
  7005				31
  130631				330
  146421				95
  66418				42
  131726				149
  184022				85
  123992				180
  323165				91
  319588				215
  275464				83
  23396				144
  473945				63
  56072				184
  246737				168
  405824				86
  124725				149
  106862				123
  168842				59
  302343				189
  215843				186
  262414				57
  257816				75
  145517				144
  485860				89
  250277				137
  441373				94
  197999				266
  428843				99
  391050				161
  37587				111
  287161				158
  414406				68
  168217				258
  433581				143
  480824				213
  316294				127
  133954				69
  121167				149
  155811				170
  453541				125
  396631				99
  179206				72
  427486				218
  452702				112
  425942				125
  333309				184
  93778				133
  32803				160
  18502				35
  412473				143
  264997				163
  280916				145
  170288				59
  410513				81
  283127				176
  436916				187
  368237				117
  481125				68
  365758				179
  275638				176
  18711				198
  169271				82
  190044				103
  203279				85
  102851				84
  187219				108
  19573				136
  236805				75
  308385				140
  175383				196
  206697				173
  221367				142
  354588				122
  134182				162
  174069				134
  280529				70
  483842				120
  267846				114
  329683				96
  2344				120
  196670				98
  111032				92
  299611				189
  383309				192
  21544				69
  82737				151
  320225				153
  406133				249
  80214				94
  202334				98
  181770				85
  98924				97
  371604				148
  371813				135
  318555				140
  474455				99
  75383				63
  354479				135
  227611				111
  383768				55
  29861				72
  450659				293
  121486				87
  400800				117
  84841				58
  295554				114
  197680				116
  85034				58
  79752				94
  27362				59
  103729				79
  276421				132
  138393				175
  403339				130
  159730				77
  176289				178
  486076				89
  496306				182
  82421				94
  66289				130
  198639				98
  264190				101
  181564				90
  86595				71
  152355				38
  16470				115
  77401				200
  227737				93
  370948				55
  305011				158
  127856				87
  417160				55
  272021				207
  249342				111
  317959				122
  356861				96
  61247				166
  15638				40
  458247				55
  157350				126
  59352				73
  61975				148
  433771				231
  214096				142
  465314				138
  109852				154
  390384				161
  467741				169
  106157				172
  489156				76
  50381				65
  321147				52
  269698				163
  248296				150
  407741				205
  438404				143
  264766				101
  485141				45
  182492				85
  152065				56
  306503				158
  310348				65
  69225				112
  78524				107
  76041				169
  387183				192
  451736				138
  153639				82
  419173				130
  409982				205
  310989				52
  478524				76
  488309				89
  261111				163
  192619				160
  469974				151
  387314				161
  99355				141
  454066				107
  9822				122
  104862				110
  20798				87
  330968				122
  390911				192
  269093				70
  255061				57
  329314				122
  50210				39
  256553				194
  11806				99
  202275				160
  63056				29
  338505				109
  287851				189
  157931				214
  430897				94
  191385				147
  126018				87
  84535				120
  110557				66
  52352				47
  411875				81
  105432				128
  40660				36
  189337				222
  314403				52
  26985				77
  76650				37
  430109				99
  481050				94
  86471				195
  34970				111
  1847				68
  433791				130
  425881				143
  287291				96
  188851				85
  255194				62
  337501				83
  445403				169
  283351				207
  56127				184
  24810				157
  121855				211
  343977				52
  199092				98
  52751				127
  35361				80
  325110				184
  153638				170
  162270				90
  377461				86
  81864				182
  267701				70
  434472				94
  271201				114
  82103				143
  461456				161
  347850				122
  12211				112
  458857				107
  450673				63
  63533				148
  460703				161
  384463				329
  489413				182
  247993				150
  89665				71
  260958				225
  101845				110
  51419				163
  60661				179
  157971				214
  92581				177
  182515				85
  18299				154
  291672				70
  251618				88
  70012				55
  133133				56
  421607				112
  232281				124
  26945				46
  3470				105
  499981				257
  461416				76
  274670				114
  82084				182
  439223				156
  138872				175
  110646				92
  414431				130
  89544				71
  174178				196
  375133				135
  490358				151
  163590				64
  139478				175
  80022				182
  440900				187
  241322				137
  147792				38
  1560				122
  415645				174
  240372				67
  200426				116
  450295				86
  32044				54
  468395				107
  20306				61
  165176				165
  390001				99
  252586				57
  208473				173
  393471				192
  252567				181
  169888				59
  184492				178
  351002				47
  125463				61
  323363				184
  461647				187
  39893				137
  429258				81
  135825				100
  431378				94
  435967				156
  315766				101
  87207				133
  32340				67
  273017				207
  344880				153
  180132				116
  274576				176
  260524				70
  420503				104
  491354				169
  210819				129
  468898				50
  459748				156
  247476				88
  150426				64
  349749				166
  62				107
  358898				210
  259571				163
  252628				194
  45137				44
  444062				156
  119981				66
  170599				152
  283777				114
  81627				182
  226844				62
  229386				80
  217451				93
  158221				139
  165353				121
  49569				96
  245427				181
  197692				54
  322585				96
  90306				208
  394175				223
  113513				154
  367182				210
  314678				109
  121218				136
  94352				84
  299927				52
  80965				76
  341827				78
  450352				156
  447065				138
  358240				73
  309249				202
  222987				93
  127219				131
  354386				166
  183401				85
  247199				256
  41336				181
  467177				244
  345178				259
  284531				114
  212914				142
  78980				138
  459103				156
  378266				179
  128548				48
  204529				80
  92310				146
  467485				169
  311187				109
  486484				37
  80997				182
  194720				116
  317513				153
  202214				111
  305423				233
  117440				136
  299530				52
  163601				245
  67791				112
  262947				44
  21841				162
  393392				55
  485933				89
  165411				152
  264129				75
  169333				59
  412610				81
  321816				122
  152861				201
  274139				207
  106347				110
  365775				91
  353118				166
  65449				73
  260392				163
  481666				94
  286330				127
  352701				197
  449150				218
  113868				61
  355537				210
  46498				176
  324939				65
  173049				196
  265063				150
  130361				162
  290488				189
  64592				117
  310313				83
  374631				246
  327538				65
  348505				166
  284374				75
  313471				171
  13916				58
  48502				70
  499155				226
  442877				218
  370317				179
  152016				170
  217015				124
  493015				213
  34142				173
  70132				81
  58464				135
  294533				158
  68149				130
  344793				153
  163586				196
  33650				67
  475012				244
  19122				79
  96499				146
  299950				88
  192170				54
  361561				117
  430310				174
  499010				89
  442505				68
  256974				137
  389992				99
  270042				163
  105479				128
  174365				165
  99864				53
  119394				74
  239218				119
  115371				167
  78622				138
  125886				87
  267386				145
  295636				158
  118901				74
  301527				127
  382119				223
  193716				72
  112411				110
  466620				125
  38508				49
  275996				176
  269				29
  13519				63
  311469				109
  96768				115
  329820				153
  3639				162
  474680				125
  260129				101
  19000				167
  417184				55
  17102				79
  425343				187
  203578				98
  138932				113
  116059				74
  319793				70
  258325				75
  355276				60
  435163				81
  336946				83
  481161				213
  218900				62
  148933				157
  116413				61
  36778				49
  47404				39
  310128				65
  149189				113
  14023				32
  364987				86
  441536				156
  30643				41
  394857				161
  253005				88
  143762				188
  224676				199
  272995				207
  118442				136
  1156				31
  291994				145
  51977				132
  34610				54
  233688				230
  255554				101
  173541				157
  349746				197
  91699				84
  448218				94
  205021				235
  26861				139
  301515				109
  202533				160
  245761				137
  450448				112
  335298				135
  298890				39
  14203				58
  145425				69
  448078				125
  28225				152
  26764				139
  389614				161
  75219				112
  421620				81
  158970				121
  218981				142
  146296				188
  431964				249
  353774				122
  163803				139
  240309				137
  405750				117
  198412				98
  473996				138
  177656				209
  371953				166
  323741				140
  269354				163
  336522				184
  45113				62
  312566				184
  138036				56
  263997				119
  74678				138
  88483				102
  115646				136
  373568				42
  119037				149
  261071				132
  321645				70
  163613				183
  304186				114
  227610				54
  238832				75
  225805				155
  386579				99
  457812				81
  388452				55
  334894				65
  327937				109
  52255				153
  75202				138
  233686				230
  267018				70
  65549				55
  427693				81
  138970				144
  405641				161
  213398				111
  475491				76
  450753				337
  25964				170
  129879				149
  231102				106
  116993				123
  234713				75
  346747				158
  490560				63
  353750				197
  124169				118
  328557				215
  17362				79
  428354				125
  72518				125
  256193				75
  170511				165
  475449				99
  230356				75
  58962				104
  310342				140
  58292				166
  111216				115
  385544				99
  308330				127
  378234				130
  467444				107
  252374				88
  33555				266
  373085				117
  465772				138
  25398				201
  340189				65
  8087				26
  155276				170
  71290				99
  125079				43
  406340				60
  434389				50
  131991				118
  260089				194
  74909				50
  460547				107
  277451				70
  3263				74
  49416				114
  49995				158
  173773				165
  24864				38
  280351				220
  249086				212
  335206				91
  354994				60
  376654				254
  237101				168
  163323				170
  271239				207
  204544				80
  415697				205
  321145				52
  77628				138
  397820				99
  346542				166
  417817				311
  422258				81
  18169				66
  5458				160
  47336				101
  424509				81
  456198				55
  195678				173
  200949				111
  31107				85
  172576				72
  478399				120
  34369				80
  221992				186
  28394				59
  224493				186
  246855				287
  325096				184
  489930				89
  98412				97
  180089				116
  366583				148
  351864				104
  359764				91
  137821				82
  72760				143
  291812				158
  458966				112
  166739				152
  189631				77
  321859				202
  100907				66
  111888				110
  356380				122
  106365				79
  175575				121
  297240				96
  78914				76
  371253				86
  498188				45
  110020				154
  43828				44
  476587				151
  160740				69
  282171				127
  21332				118
  401584				68
  29026				72
  362779				122
  391514				130
  143789				95
  42867				194
  258096				75
  12005				42
  402630				42
  395917				99
  84764				58
  194441				72
  371234				86
  267854				70
  400423				117
  193092				98
  368761				166
  12310				156
  49471				145
  491477				120
  204237				160
  346710				104
  70390				130
  75489				200
  361250				91
  180410				90
  135668				87
  354188				104
  357501				117
  417839				112
  375519				161
  259085				57
  463216				169
  238297				168
  150598				64
  123356				149
  297515				158
  408693				99
  135360				87
  216497				142
  320961				122
  236475				75
  427289				130
  192194				178
  4329				51
  327712				184
  385286				192
  389441				161
  356373				135
  451108				63
  397269				99
  60609				135
  314170				109
  467658				200
  152449				201
  175419				46
  164419				77
  304469				83
  29606				72
  38272				124
  238659				119
  421476				130
  297356				65
  201874				204
  176124				103
  447953				156
  341581				52
  489990				120
  372997				179
  476941				169
  206486				173
  193958				147
  229767				111
  133775				144
  386151				99
  250447				150
  477838				138
  287788				189
  156239				276
  334210				153
  255248				57
  53507				96
  411171				143
  85769				102
  37517				155
  79971				68
  261187				132
  218287				80
  400791				73
  307144				78
  256558				49
  139449				113
  244971				119
  53913				91
  341322				104
  421094				218
  18217				48
  199255				160
  411083				86
  391214				42
  176195				46
  133921				144
  101523				97
  422313				130
  267695				163
  487673				200
  172760				196
  261884				176
  291813				158
  328998				171
  96093				45
  63412				55
  382505				192
  23615				82
  149180				64
  436373				42
  119938				92
  426718				125
  154659				77
  20728				56
  250213				256
  411217				143
  176529				165
  495183				89
  465129				156
  34202				67
  432628				68
  483346				94
  233456				93
  360062				117
  390911				192
  409650				205
  493982				63
  492433				182
  348315				184
  278028				57
  496457				151
  21074				79
  39911				168
  304621				96
  366423				86
  152356				38
  368032				60
  265279				101
  192322				98
  33563				116
  201651				67
  312259				127
  476632				151
  356310				241
  349339				135
  243196				212
  267526				70
  25867				139
  254730				106
  249006				88
  60068				210
  187357				178
  248703				256
  293524				127
  47419				75
  139613				144
  219525				62
  41400				150
  148397				157
  67839				60
  335780				91
  144854				144
  105264				141
  375690				148
  465826				76
  471687				200
  28045				59
  333858				153
  236965				75
  220367				124
  383772				86
  454968				63
  48977				176
  376756				60
  311277				96
  398315				99
  119951				74
  95154				146
  440533				112
  374681				148
  344159				197
  601				56
  78389				138
  109214				185
  310476				78
  142159				74
  248826				150
  30000				178
  199911				98
  413575				81
  114191				61
  35690				98
  58428				166
  219454				80
  411379				112
  24253				144
  207492				111
  455776				156
  374462				86
  460809				138
  192494				72
  274586				176
  415776				143
  241470				150
  167693				90
  227052				106
  156137				126
  303995				109
  338557				91
  96669				146
  178675				147
  182715				209
  113621				92
  273416				83
  308280				83
  440448				112
  415574				174
  57106				91
  486800				89
  115484				74
  487032				169
  100990				110
  151173				69
  61811				60
  336795				83
  78904				76
  102415				172
  44287				132
  34679				129
  476877				120
  5095				72
  227172				62
  267814				119
  420870				81
  484993				151
  435506				94
  164273				139
  141129				126
  239500				137
  19181				167
  254150				119
  434527				143
  218247				155
  384122				86
  224294				124
  26527				121
  324570				91
  139867				56
  83632				58
  311369				109
  255351				101
  87015				76
  412358				143
  422875				104
  148825				144
  265504				44
  1778				148
  251239				137
  309790				78
  36456				62
  244467				88
  314884				171
  279979				83
  12280				63
  252105				132
  264972				101
  464137				200
  432729				68
  406100				86
  219989				155
  451909				86
  176601				121
  170867				51
  170156				59
  60723				135
  395160				148
  196682				54
  385292				192
  35026				80
  296665				158
  213012				98
  306728				127
  383679				192
  141721				113
  229603				124
  32503				98
  407224				86
  231380				75
  300093				158
  217014				124
  267836				145
  44560				70
  48249				145
  47814				52
  56839				228
  316706				78
  329137				91
  37328				36
  265786				101
  235237				168
  273668				70
  217695				186
  428189				55
  444534				143
  404202				68
  488911				244
  339693				109
  117235				167
  390554				161
  391070				161
  430251				94
  119917				211
  197798				173
  330281				215
  261637				163
  443752				156
  362783				117
  168861				82
  175131				90
  179227				165
  402226				236
  459318				293
  223786				111
  466826				169
  23484				82
  296977				114
  299883				88
  352620				104
  334304				65
  65669				117
  104208				48
  107971				216
  299715				88
  32397				67
  68856				174
  203916				85
  37659				85
  408548				161
  337502				184
  428213				161
  315969				171
  267752				163
  48129				145
  30118				64
  98032				66
  326118				153
  473869				76
  477166				213
  11330				130
  149000				113
  156392				51
  429907				218
  124669				149
  380178				86
  396732				174
  148152				51
  177154				72
  196615				98
  772				121
  27809				152
  262283				101
  121331				211
  135779				113
  78349				169
  153727				170
  204634				173
  282264				145
  191386				147
  129533				100
  136117				82
  135950				87
  445501				112
  403868				205
  200430				67
  475619				76
  18251				61
  42899				57
  465839				200
  495416				213
  54228				39
  114838				123
  168159				214
  484134				89
  239507				106
  64688				29
  397218				99
  404010				99
  241841				137
  93832				40
  421133				81
  286001				251
  372466				122
  42464				57
  421779				249
  450814				138
  212542				80
  142764				74
  249429				150
  420279				130
  288648				145
  401897				174
  56228				184
  250501				111
  305764				109
  273010				88
  242471				212
  340366				184
  315908				78
  208309				173
  352133				78
  386488				86
  339499				109
  20291				35
  386973				192
  79005				169
  84979				58
  284190				101
  483014				138
  343171				60
  378021				130
  420499				205
  129172				100
  266838				93
  462962				169
  67302				68
  234003				124
  175503				121
  210066				80
  499783				138
  95782				97
  15065				40
  401679				143
  168361				227
  265565				145
  223794				93
  457722				200
  8035				26
  64159				148
  289982				96
  232696				80
  416291				130
  176469				134
  72194				143
  452934				200
  63441				148
  151198				69
  37912				124
  347631				135
  150563				64
  397434				143
  242003				119
  71061				187
  26605				46
  25193				157
  50374				65
  93907				84
  275547				145
  225877				62
  320324				109
  275330				176
  338010				109
  335388				91
  193360				72
  6370				31
  100953				110
  417154				81
  480444				169
  125339				180
  497664				107
  270425				88
  358034				73
  430307				50
  463245				169
  430227				125
  399592				91
  26685				183
  97776				97
  437503				148
  390667				73
  264691				101
  351288				122
  149022				113
  352103				197
  377893				86
  174214				121
  418829				112
  471799				138
  466112				125
  161057				46
  308474				171
  241441				119
  499066				151
  143861				144
  451153				138
  21787				131
  261165				70
  368306				73
  2230				94
  402856				130
  382321				99
  272654				101
  260889				194
  328979				140
  235898				137
  207468				98
  228570				54
  278935				114
  321595				70
  182424				85
  185953				147
  102637				79
  33712				160
  334974				60
  471092				169
  427956				55
  25539				157
  389920				42
  416106				130
  491651				169
  50976				127
  224579				111
  249443				150
  66393				42
  368439				73
  200595				90
  88179				146
  145956				149
  85252				58
  106761				71
  48811				127
  483925				89
  395766				161
  326051				91
  312903				132
  148016				38
  49870				233
  57825				47
  426950				187
  387817				104
  256600				150
  129254				255
  490453				94
  290311				145
  464228				76
  477896				169
  234618				155
  6118				62
  384167				254
  150723				64
  497768				89
  451494				138
  375301				91
  263563				150
  17886				154
  260092				88
  464157				81
  122417				180
  406047				205
  65761				192
  229177				80
  454857				63
  49685				158
  124942				180
  297259				158
  378939				179
  289309				96
  347129				158
  436763				125
  216258				67
  234945				75
  209715				54
  345512				73
  241749				137
  25				23
  326091				78
  219645				147
  250995				88
  332208				91
  103811				53
  401717				68
  346328				166
  55305				122
  277018				57
  126242				180
  89542				71
  37109				62
  106750				123
  211958				124
  459507				94
  172510				134
  457486				107
  430715				94
  222194				155
  98780				53
  227973				62
  117485				74
  388088				86
  91453				177
  70599				156
  104346				185
  326397				215
  280313				220
  466209				63
  68146				143
  280338				132
  308651				83
  287790				189
  31332				59
  157210				51
  407952				86
  449400				200
  19889				74
  479608				68
  226417				36
  146130				144
  69150				174
  279877				57
  252880				80
  281107				132
  255735				106
  425389				112
  254945				194
  186449				178
  163935				183
  353724				73
  430774				156
  281419				132
  241811				212
  22226				118
  352017				197
  362508				91
  348623				135
  132330				100
  345068				135
  433120				156
  429019				280
  153718				201
  237261				137
  476702				169
  310928				109
  145212				188
  426101				99
  330816				60
  124820				149
  168870				108
  493298				182
  210321				67
  465098				156
  246177				119
  7779				39
  220833				155
  187917				85
  262723				119
  423633				130
  351851				179
  116446				61
  354406				47
  149621				113
  358257				73
  376632				179
  17990				48
  220764				155
  241606				44
  166671				108
  65832				117
  174725				165
  112041				136
  235901				137
  411985				236
  88742				94
  63180				42
  73548				94
  31194				147
  410348				86
  214719				217
  216415				98
  403645				112
  425039				50
  181513				178
  149821				51
  449170				125
  418697				112
  354089				104
  211892				124
  342329				228
  222292				111
  328338				65
  213087				124
  371912				117
  202946				204
  89718				71
  406253				60
  440061				169
  347675				197
  72923				68
  22244				131
  22399				74
  184963				147
  258145				101
  450735				275
  290056				96
  321324				70
  24282				157
  337602				109
  231671				168
  255353				163
  54016				47
  151667				64
  180391				178
  251880				88
  317839				153
  129560				69
  186928				85
  171928				59
  357804				122
  45609				163
  394219				161
  202493				111
  258695				150
  282482				176
  405438				112
  364764				91
  188735				209
  361850				65
  212438				80
  278009				114
  384094				104
  234836				44
  479324				213
  158590				201
  201922				204
  269379				163
  496265				182
  226203				137
  123332				56
  227936				54
  481555				213
  177348				196
  395954				99
  178298				134
  445579				68
  213793				217
  324209				78
  148859				139
  385720				47
  182012				85
  194467				160
  296290				158
  384504				99
  469513				81
  78771				76
  306293				202
  334276				60
  283857				114
  168143				90
  46713				207
  78218				50
  68588				174
  297900				295
  57541				166
  227177				199
  499821				182
  343271				166
  223441				93
  242375				49
  466603				231
  467728				50
  240282				212
  160302				69
  363682				210
  434931				179
  105880				48
  77474				107
  259139				75
  271090				207
  479545				200
  457503				200
  465556				200
  275834				70
  358358				135
  435068				94
  370956				55
  181003				64
  285695				282
  171165				165
  349145				135
  348759				166
  249382				75
  434084				125
  163010				90
  306922				171
  161260				95
  179182				77
  150192				64
  401052				236
  421557				174
  133146				56
  368780				179
  178190				121
  293447				158
  248813				150
  113120				154
  415679				249
  342638				140
  372258				117
  186768				85
  322182				184
  346112				60
  168676				82
  114367				198
  204470				142
  120095				118
  1674				42
  385472				47
  405790				205
  172838				72
  250968				57
  270900				88
  438571				143
  185051				134
  433910				249
  261844				132
  362662				179
  113091				136
  428388				73
  263713				101
  50999				83
  61533				148
  132492				162
  245540				75
  354980				96
  397656				161
  358659				73
  270658				70
  240293				287
  247269				212
  473777				76
  78826				213
  93380				84
  142452				100
  209544				129
  314201				78
  262547				163
  211218				173
  216024				93
  168336				108
  400407				117
  483343				94
  439235				174
  355330				210
  184745				209
  389496				192
  117173				167
  47406				39
  2587				146
  45560				176
  327471				122
  69937				174
  123445				56
  476314				120
  315477				47
  478424				125
  373970				109
  190487				103
  265433				101
  114262				105
  437755				187
  239209				212
  209440				142
  47487				220
  381661				130
  418983				236
  378039				192
  144207				69
  146552				201
  94063				159
  328894				122
  46959				132
  93757				146
  284480				39
  418640				50
  278502				207
  173976				134
  35812				142
  342259				153
  176562				103
  97724				159
  169729				152
  262850				101
  221168				155
  146043				144
  94678				221
  215943				186
  20012				180
  285165				101
  497727				151
  150625				157
  222919				168
  236935				199
  360064				179
  286757				145
  134947				69
  279047				132
  164796				90
  279153				145
  441950				187
  275210				83
  124398				149
  488908				182
  368966				60
  408878				42
  423899				125
  147467				95
  82853				120
  459711				200
  489726				182
  275766				189
  73786				50
  175806				103
  38615				168
  311305				96
  321848				122
  149645				64
  27247				214
  341859				104
  434809				81
  24973				64
  8836				78
  174079				178
  278259				189
  368899				140
  460836				76
  413206				174
  164297				139
  141983				131
  208710				186
  106247				172
  417192				55
  333108				91
  111506				154
  286157				83
  258337				106
  35405				49
  449976				86
  341189				197
  11467				68
  456053				55
  116954				198
  85252				58
  131858				100
  171920				59
  412908				130
  453706				156
  337916				228
  440154				187
  311916				202
  272724				83
  481478				120
  320751				215
  463155				76
  259736				163
  206002				111
  440342				156
  189293				85
  386650				192
  82324				63
  414355				112
  492896				151
  15867				76
  247462				212
  120754				136
  302023				114
  22150				69
  172510				134
  251998				88
  363338				86
  183976				59
  224402				155
  496643				213
  285579				158
  356260				241
  184914				178
  198486				142
  326317				184
  22830				30
  154991				170
  154584				183
  311905				202
  136468				82
  491687				169
  291411				96
  412555				143
  197688				54
  231752				106
  118200				74
  100689				115
  330427				184
  32554				160
  93585				208
  346293				166
  296367				145
  230690				155
  164668				90
  318516				78
  403199				130
  433017				205
  181853				178
  87174				58
  157419				51
  194847				72
  389104				192
  13678				151
  379760				78
  103941				53
  356346				148
  418941				112
  258931				194
  10929				161
  230846				80
  411750				174
  18967				53
  38608				75
  340656				197
  216654				204
  270360				132
  458855				169
  317343				153
  117138				123
  491408				63
  427279				73
  463431				231
  287774				220
  174320				103
  144450				188
  106289				110
  77518				107
  77466				107
  304493				65
  181043				116
  234884				168
  499339				151
  70146				81
  264913				101
  395451				267
  174086				72
  137610				69
  314391				127
  449368				112
  148539				157
  61588				135
  361117				210
  167505				90
  100196				115
  201772				111
  400511				236
  386907				161
  176979				134
  234205				168
  20396				118
  168386				183
  177835				165
  178				31
  472512				76
  352154				78
  144627				95
  95152				146
  429671				205
  222093				36
  399645				91
  110713				141
  473328				63
  415335				112
  197210				41
  238241				137
  310785				109
  387647				99
  375850				86
  141528				157
  337014				197
  40740				36
  219467				155
  214482				98
  224597				62
  336014				135
  432605				68
  125107				255
  239272				93
  109583				154
  375663				109
  259668				119
  294321				145
  69849				130
  259845				70
  266832				163
  422002				130
  404472				205
  378335				86
  368024				60
  142916				144
  277979				83
  495088				94
  116243				167
  209666				142
  192297				85
  370835				86
  36802				124
  96295				97
  246685				168
  194681				191
  433308				205
  303776				83
  414148				55
  164141				59
  28372				59
  266513				70
  96745				84
  169830				152
  5785				80
  206328				80
  45492				176
  265452				145
  17000				128
  115340				167
  41648				106
  283831				220
  53693				215
  462471				107
  162165				38
  421716				143
  105386				141
  456496				55
  416803				81
  221629				80
  182513				59
  125451				149
  108815				185
  219314				173
  238097				49
  355499				166
  430347				174
  187756				160
  175627				152
  344494				166
  351896				153
  203998				173
  111006				141
  448641				231
  373828				73
  133142				56
  171320				90
  435671				156
  398593				130
  188319				160
  67363				68
  456593				200
  488501				138
  121055				167
  419063				174
  167017				139
  59123				197
  24449				38
  139864				51
  492277				182
  262429				150
  322376				215
  134080				113
  371243				86
  58042				60
  372176				148
  243094				181
  488388				182
  59932				166
  418720				143
  349233				78
  411827				236
  139069				56
  476590				125
  376819				254
  29248				134
  109732				154
  48138				189
  464919				63
  24676				113
  252808				44
  48633				65
  481268				275
  257660				88
  169687				108
  416683				112
  424677				86
  245161				88
  441131				125
  80892				89
  237438				80
  219911				124
  403268				161
  371517				117
  107505				141
  477661				76
  243692				181
  366950				86
  466048				125
  303623				202
  302021				65
  331632				122
  231802				111
  441090				63
  308221				96
  108620				92
  486689				63
  434304				50
  173110				196
  467959				169
  475332				151
  425917				81
  16591				97
  456599				200
  199929				142
  202630				142
  373281				86
  124605				74
  447790				94
  330763				60
  221848				93
  201579				72
  67025				161
  125115				92
  73095				63
  174530				77
  119127				74
  333139				259
  57831				197
  101526				84
  153113				113
  359852				73
  433157				143
  384914				104
  317293				52
  257730				225
  493534				76
  303981				109
  192033				85
  166643				183
  288292				176
  167364				183
  108911				92
  304882				109
  140315				105
  308839				114
  23863				219
  29947				72
  449795				169
  488005				182
  377062				86
  171643				103
  189583				77
  444086				143
  313109				47
  279030				158
  134967				113
  432236				187
  112168				61
  192798				98
  33761				98
  265280				44
  69001				143
  483270				94
  166546				183
  386293				47
  240999				225
  160079				121
  206625				67
  449383				231
  343073				52
  494916				213
  133099				100
  468335				231
  316150				171
  289765				158
  293526				158
  340012				60
  319711				246
  259672				75
  328016				60
  213124				72
  431314				94
  33951				173
  157210				51
  260775				163
  312980				83
  308528				78
  209362				111
  441499				187
  17677				79
  259474				70
  223130				155
  86677				71
  259095				57
  389675				68
  489321				213
  93				17
  66105				161
  212298				155
  465828				81
  409177				205
  223565				137
  115278				74
  393864				99
  39714				137
  405042				130
  187389				253
  396078				73
  224752				199
  447060				112
  240445				119
  454228				63
  394726				192
  274395				176
  111437				66
  155500				245
  103726				172
  436316				187
  381213				130
  61576				55
  453993				231
  157038				170
  284706				176
  57021				153
  416133				130
  190732				54
  46342				52
  432577				205
  256837				194
  274991				88
  398404				161
  182365				59
  498555				76
  13681				58
  76228				81
  38269				80
  435074				94
  263616				44
  434346				50
  159826				170
  210676				173
  191142				253
  114053				105
  121753				172
  465537				138
  241841				137
  277252				132
  85614				195
  194508				67
  174816				121
  147190				64
  148500				64
  331853				91
  448247				125
  221873				155
  247985				150
  138978				56
  284566				75
  180562				253
  412166				205
  59556				73
  95317				53
  94531				84
  58110				73
  125350				61
  170758				51
  112730				61
  60423				91
  450726				112
  63427				223
  236600				62
  177753				165
  254569				194
  367004				210
  299505				52
  236457				150
  125196				149
  93108				146
  338422				135
  319704				207
  267923				70
  485611				182
  484555				89
  116127				136
  450209				156
  206427				204
  364112				135
  89187				120
  490992				76
  61025				117
  1352				52
  50547				65
  172693				121
  112234				61
  125009				149
  314394				52
  282992				83
  237738				44
  374817				179
  233717				168
  317517				78
  127768				56
  411469				174
  88437				45
  494772				213
  227325				230
  324893				65
  136319				144
  320432				70
  163314				90
  456022				107
  88354				102
  165277				121
  440577				156
  204480				80
  115485				74
  163355				152
  84943				107
  221023				62
  154347				170
  162319				320
  222375				98
  221245				93
  351364				153
  334608				60
  346253				122
  165757				64
  133951				144
  100343				115
  56925				60
  384019				223
  434211				143
  184693				147
  311839				171
  22647				113
  195816				67
  39163				80
  347539				47
  332134				215
  359594				166
  27204				90
  288156				189
  464299				169
  192480				160
  245084				88
  168779				82
  307965				189
  408438				86
  270073				70
  28987				121
  62784				29
  448744				37
  267713				70
  300381				114
  300107				114
  118673				74
  146633				219
  482215				120
  268975				70
  263327				181
  39140				199
  152994				82
  197537				160
  223832				111
  464832				107
  220183				155
  419647				55
  20347				74
  84073				226
  268132				163
  379940				78
  127629				56
  56287				83
  344239				184
  320108				171
  317722				140
  29369				196
  144424				188
  226160				62
  315793				78
  189763				129
  305295				109
  280888				176
  473827				200
  105675				154
  80994				182
  92499				164
  268660				70
  79561				76
  361474				91
  31986				191
  118700				74
  30819				147
  245875				88
  358883				73
  495650				151
  482409				182
  294881				158
  32348				28
  82834				151
  63012				104
  412288				29
  210462				80
  135651				87
  272878				176
  30569				72
  453372				187
  318598				171
  191345				59
  195883				129
  150742				126
  381107				104
  1178				119
  431630				187
  354933				60
  106852				97
  28975				108
  463784				125
  391863				130
  108535				92
  341609				228
  423849				130
  243586				119
  372427				86
  186075				178
  118820				97
  384428				73
  168483				46
  413700				81
  416776				55
  267668				70
  493064				138
  345415				104
  478129				169
  128714				48
  134644				113
  25050				113
  98437				84
  453241				138
  216394				124
  294320				145
  120334				255
  113852				53
  295497				83
  51963				171
  485136				45
  418700				50
  97290				66
  448919				187
  310563				83
  222176				261
  290527				145
  250763				163
  465762				138
  179305				165
  453189				107
  84581				151
  63733				55
  138023				87
  14633				58
  480508				120
  405691				205
  7696				52
  342274				153
  383819				148
  152761				157
  476917				120
  408868				161
  251197				181
  446509				187
  125261				87
  61868				86
  66842				130
  239112				75
  373716				223
  135157				162
  224248				62
  292416				39
  232446				212
  189518				85
  119330				74
  454621				200
  496397				151
  386444				86
  436734				125
  175701				46
  339632				109
  21315				87
  255785				106
  477654				125
  35947				93
  252644				106
  383344				192
  59994				91
  94917				76
  283515				220
  212754				124
  88185				146
  192382				178
  480302				151
  34693				142
  333995				153
  42170				57
  117887				105
  89458				164
  415885				130
  253043				80
  330057				122
  224652				49
  1840				37
  19575				198
  360333				179
  472812				125
  32323				147
  246776				168
  409546				86
  208023				129
  102759				172
  447212				94
  480160				68
  80413				120
  499510				138
  232803				75
  480108				76
  59503				148
  344072				104
  263622				44
  288608				44
  432256				42
  472356				107
  268909				75
  466949				94
  306350				114
  311078				233
  101187				58
  412159				143
  243315				106
  354229				47
  242216				137
  484318				231
  372420				148
  261790				75
  344651				109
  361583				210
  294112				65
  91426				177
  287480				189
  18486				92
  194185				266
  234691				80
  14997				177
  290949				83
  250552				88
  247800				62
  287408				52
  326406				122
  108223				92
  67382				68
  115013				35
  40478				75
  39737				49
  383922				192
  23778				51
  362438				42
  211351				155
  124964				149
  274596				176
  471017				169
  495544				164
  16811				66
  455335				200
  367963				166
  294952				52
  299985				88
  229546				124
  105415				128
  407762				205
  17025				159
  123901				61
  118298				61
  268068				44
  155249				170
  409246				205
  34971				54
  403048				68
  213006				142
  361377				91
  11270				86
  280387				70
  476389				182
  68100				161
  320123				109
  376662				254
  91877				84
  182560				85
  104365				84
  216841				142
  473507				125
  91733				32
  212384				49
  490318				89
  47067				176
  96699				221
  285269				52
  363403				148
  342596				60
  390684				161
  271165				114
  375972				86
  30936				85
  405814				205
  160391				69
  186184				85
  315060				52
  195362				103
  105584				102
  44417				70
  56738				60
  133205				69
  324803				65
  49478				65
  217656				41
  144925				43
  442492				68
  309533				78
  343836				91
  46856				145
  42725				57
  317342				78
  138588				56
  271460				62
  324011				246
  202007				67
  368158				179
  109280				154
  65409				161
  227105				155
  16315				115
  352925				78
  103077				190
  63602				130
  258739				194
  279819				57
  249785				150
  90150				208
  475180				138
  371720				117
  134566				69
  48269				44
  21277				56
  459368				81
  97747				159
  238932				93
  120644				118
  40238				137
  64816				161
  480831				94
  103445				27
  107540				48
  298172				96
  258384				119
  379000				86
  138535				206
  460390				63
  263509				132
  247814				119
  42151				194
  6966				88
  280480				83
  395075				161
  126394				105
  344081				104
  170165				59
  406212				112
  110217				146
  260314				155
  397744				104
  498289				226
  411231				81
  446012				138
  19565				180
  386950				47
  60110				117
  258496				150
  7593				176
  100347				89
  323312				91
  488423				63
  220143				173
  447203				156
  302947				65
  478527				231
  342554				60
  457833				200
  438916				293
  106063				123
  205646				85
  481066				94
  113028				61
  2477				133
  392493				161
  255773				194
  362909				91
  62657				60
  161984				46
  473125				213
  339323				135
  59727				78
  471413				76
  250553				137
  5739				173
  7329				101
  137503				131
  65848				55
  282177				57
  161447				170
  182547				178
  121840				61
  166222				77
  402689				117
  69042				130
  469168				107
  381215				130
  411596				130
  427000				125
  336483				91
  34010				85
  148997				113
  333900				153
  163389				90
  167825				90
  226392				106
  419161				174
  30733				41
  289049				189
  97496				97
  20209				43
  128371				56
  157223				108
  491622				182
  395275				55
  179313				41
  15302				40
  32777				54
  261512				57
  297478				158
  194224				54
  460410				138
  419317				143
  360445				285
  379451				179
  4711				59
  345964				73
  277017				176
  432658				68
  289315				96
  113499				105
  466667				125
  454663				107
  447399				99
  146407				157
  138839				56
  173790				227
  65567				130
  169571				59
  479190				107
  163062				77
  189779				129
  123912				149
  336636				109
  197752				160
  19187				123
  32300				72
  229406				80
  51963				171
  293812				65
  26883				90
  262538				101
  270573				207
  462552				81
  139334				144
  150023				87
  483614				213
  485297				182
  427040				174
  416271				143
  290963				127
  40538				36
  399289				205
  245625				75
  4288				33
  45695				207
  400815				143
  194430				266
  127613				193
  70385				37
  173619				165
  307026				202
  276516				57
  297531				171
  143662				51
  474267				200
  316717				246
  175961				103
  220024				93
  385031				148
  486124				182
  246907				181
  147569				113
  256697				150
  225810				261
  286902				282
  423071				130
  209423				111
  288551				101
  350110				91
  142045				175
  95865				221
  407000				60
  41333				57
  357842				117
  411287				143
  87027				164
  258656				150
  105716				79
  230991				137
  329041				171
  295687				127
  38016				80
  105556				35
  93217				115
  181677				85
  96174				128
  426285				99
  373990				73
  316198				171
  327667				259
  376465				86
  79456				45
  491587				63
  133161				118
  321617				96
  294841				52
  72584				68
  31039				121
  83391				257
  422693				156
  189435				209
  179255				196
  346044				228
  230767				160
  37096				62
  257331				150
  334145				109
  295752				158
  379398				104
  65135				205
  141144				56
  175084				126
  103150				141
  263051				194
  284652				127
  301179				88
  375576				148
  227288				155
  175168				46
  208125				160
  54955				60
  51632				109
  287580				96
  46541				145
  201145				67
  125548				255
  341381				153
  290080				127
  172938				121
  441123				187
  212772				124
  362372				117
  136730				131
  58816				135
  93138				115
  190177				222
  332498				91
  443634				231
  2280				107
  211895				80
  8768				96
  143423				144
  403331				68
  128270				48
  422825				130
  204334				98
  429448				50
  298401				96
  431622				187
  104615				110
  6525				137
  2928				97
  172598				134
  310457				78
  65820				161
  390094				86
  436004				156
  423553				280
  180173				165
  108942				185
  381027				78
  409297				205
  471313				76
  17756				97
  484464				89
  80803				89
  224285				261
  316961				78
  40788				62
  226564				62
  45207				39
  49556				189
  386339				47
  464889				138
  177825				95
  309163				202
  169223				134
  123624				149
  107563				141
  117196				105
  244590				150
  114088				53
  136475				144
  417187				81
  440896				187
  218646				142
  323633				91
  376899				254
  158550				126
  20157				136
  2192				94
  39577				80
  429453				50
  489857				182
  73684				63
  413916				68
  87011				71
  297968				96
  247228				62
  127798				162
  24532				51
  308787				215
  193705				98
  410870				86
  273675				83
  371529				161
  236384				75
  459249				81
  11504				55
  343947				197
  92796				208
  256093				88
  474386				200
  245622				181
  189632				41
  415281				161
  464268				187
  13264				94
  308531				140
  122817				180
  33420				129
  327075				91
  178745				116
  479225				125
  316931				78
  252429				31
  409492				205
  420293				81
  66748				117
  173072				121
  48090				44
  91279				58
  481858				120
  241795				212
  18500				35
  271884				88
  129675				69
  254884				101
  231133				106
  141179				144
  115182				74
  340280				153
  397271				99
  89567				146
  85902				89
  86902				102
  21199				162
  66521				68
  116517				61
  346081				197
  205689				111
  166289				152
  173155				165
  384434				47
  161865				95
  6437				75
  153214				214
  71356				218
  426729				218
  219961				217
  244427				181
  491171				120
  327592				122
  242636				88
  249317				75
  362443				210
  14520				58
  395343				99
  117326				123
  262004				132
  36521				186
  248859				256
  102283				203
  450144				112
  338425				135
  204536				204
  53397				70
  375975				135
  287408				52
  186266				134
  222056				93
  493097				169
  352554				166
  411562				174
  393882				68
  14418				71
  417999				156
  47095				57
  102125				159
  361079				117
  267055				194
  346552				73
  352249				179
  110998				154
  105539				84
  117917				105
  473441				99
  120058				167
  13260				76
  107118				79
  382061				135
  66132				161
  355977				241
  696				33
  16275				159
  210753				142
  221583				124
  86024				76
  86728				133
  8991				140
  272289				132
  325135				184
  18439				48
  124842				149
  236696				62
  412320				29
  155611				170
  171046				90
  475766				169
  257735				49
  32125				46
  259172				75
  120638				105
  384373				47
  370170				166
  226177				137
  18642				61
  343610				91
  362586				91
  31901				147
  467079				125
  260999				163
  98032				66
  323055				96
  278046				57
  114307				35
  50160				65
  499628				182
  216682				186
  153239				157
  24970				64
  488970				37
  478373				76
  43408				163
  130163				131
  231420				212
  472079				125
  302125				109
  402466				42
  447844				125
  59859				104
  434590				143
  207016				54
  196849				116
  335314				135
  93537				84
  439377				68
  353955				135
  453498				156
  301962				65
  385855				130
  420576				68
  62960				104
  239				52
  243631				88
  341005				153
  130897				162
  310142				140
  356985				73
  347578				47
  463380				169
  381954				148
  352899				104
  458104				81
  441714				125
  483061				120
  189523				222
  413792				29
  301537				171
  91988				58
  377988				117
  377747				55
  42929				75
  101355				58
  74595				112
  378243				148
  194891				67
  13971				107
  248549				150
  148388				95
  332285				228
  150756				139
  68963				29
  411596				130
  150994				201
  328945				153
  268953				75
  281890				52
  139086				87
  125937				105
  129467				193
  118817				149
  24242				144
  482365				94
  76920				125
  482307				68
  481777				156
  266443				194
  412451				130
  299665				189
  374782				254
  290438				96
  177411				121
  417711				205
  391792				130
  252006				88
  312305				158
  103034				172
  282328				83
  60853				86
  251421				88
  130964				131
  211608				155
  336735				184
  42560				57
  362601				117
  165680				59
  311512				109
  160842				108
  321117				215
  453800				63
  290308				145
  439934				218
  494393				89
  289024				44
  33205				98
  493052				182
  287152				158
  315999				171
  405502				280
  86816				164
  190781				85
  212291				80
  264227				101
  124843				74
  120434				211
  32584				98
  437147				112
  223467				137
  331263				122
  14351				76
  491239				244
  462227				107
  242311				150
  327973				140
  21138				56
  121263				180
  10004				29
  349001				166
  282105				176
  347473				210
  302800				65
  72412				94
  287406				158
  313544				140
  377788				210
  336962				83
  306595				158
  164939				152
  152961				108
  228448				80
  251755				181
  360093				91
  440738				125
  32333				147
  484935				213
  61171				135
  64916				117
  438433				148
  300989				114
  412530				81
  452783				138
  292227				158
  374756				179
  195093				72
  136552				131
  395893				148
  316356				140
  146555				201
  261245				70
  98460				97
  494027				120
  64044				47
  187223				222
  297784				96
  393940				161
  81362				120
  151098				232
  216886				186
  246301				212
  304058				158
  445334				117
  14407				71
  180502				253
  386071				47
  46739				52
  165436				152
  463594				63
  128006				149
  120220				118
  280934				70
  40535				75
  73002				156
  89513				71
  431643				156
  284447				75
  226064				106
  343887				166
  117154				105
  388970				192
  105132				216
  215613				186
  399349				91
  185527				90
  419187				130
  197132				160
  95818				190
  549				92
  364581				91
  312704				52
  263201				194
  168638				183
  258037				194
  277607				163
  349139				135
  160459				121
  340697				197
  30926				134
  140404				144
  485054				182
  151145				139
  421338				174
  25588				77
  240499				93
  10850				161
  473582				76
  24945				64
  236913				199
  333821				140
  142098				74
  125882				56
  438952				37
  374062				86
  41582				88
  140830				82
  309600				78
  238714				119
  236648				44
  310148				171
  103294				141
  49351				96
  89700				71
  288284				44
  307387				264
  367306				34
  153774				170
  484197				213
  224354				93
  201052				41
  124601				224
  209407				111
  368548				166
  45938				83
  251347				181
  109046				185
  56787				104
  224928				62
  150342				113
  310051				158
  58748				73
  308791				277
  452284				125
  14051				58
  199204				98
  493866				89
  154881				170
  8804				140
  248931				62
  391528				117
  335303				135
  368576				117
  457230				138
  425003				174
  173211				90
  280968				145
  308660				171
  326985				197
  265164				106
  33014				72
  44388				70
  389764				179
  242420				88
  412935				161
  452053				107
  10118				73
  38333				137
  8839				78
  235046				199
  188674				85
  335241				140
  310145				233
  13817				120
  287525				189
  324196				65
  213020				217
  297742				39
  495428				151
  238175				168
  46672				39
  403307				161
  89830				71
  431599				94
  360536				65
  31184				147
  104810				141
  141503				82
  339843				104
  431794				143
  406666				86
  372856				117
  492533				182
  312782				184
  131628				162
  405467				161
  264834				101
  141745				113
  443799				156
  290025				189
  393142				148
  148825				144
  125265				136
  219639				93
  178993				116
  429141				50
  60186				42
  408364				112
  243234				88
  55613				114
  162891				90
  306257				83
  458919				169
  252720				44
  237856				75
  335806				184
  283903				189
  342665				241
  477308				275
  140097				82
  290810				101
  400325				161
  29305				46
  283342				207
  213106				173
  160932				214
  188808				54
  494292				58
  319028				96
  148959				144
  284316				75
  228522				36
  314135				109
  425932				81
  448160				37
  9479				197
  371425				179
  8345				114
  417842				143
  114658				105
  80309				68
  80732				50
  437267				143
  39227				106
  349803				104
  175122				103
  391384				179
  133705				118
  17786				185
  368691				60
  273802				70
  308595				171
  269015				75
  303106				158
  91936				177
  498473				151
  480389				182
  297095				158
  9116				153
  315768				215
  446053				63
  293431				96
  44289				101
  276539				101
  235714				199
  492448				151
  286017				101
  123490				118
  17144				172
  203859				204
  254500				132
  97452				66
  300942				96
  191766				54
  153030				126
  150745				170
  366887				241
  44413				70
  300801				88
  384672				148
  429455				125
  90954				133
  209618				54
  214822				98
  410411				130
  301553				65
  229646				168
  390799				130
  98647				159
  238761				243
  222919				168
  61052				179
  48543				127
  267207				75
  337590				153
  284256				189
  276007				145
  139959				144
  424098				174
  309502				140
  360169				117
  178597				72
  423306				143
  161110				95
  386714				99
  76335				94
  328206				259
  253600				106
  137100				30
  145359				95
  154623				183
  82906				120
  236312				75
  364240				179
  297727				140
  163075				77
  182144				72
  27372				139
  53873				47
  280790				114
  282484				127
  293143				101
  358193				73
  331026				91
  76702				200
  195783				191
  131634				162
  352708				166
  352093				78
  55731				91
  178561				147
  212261				80
  250679				181
  101866				66
  389722				68
  137392				131
  178201				77
  217928				155
  390991				148
  331652				259
  379638				179
  61965				55
  414557				68
  115949				123
  442556				125
  228636				199
  279023				313
  124699				211
  256007				57
  349248				73
  405488				205
  54843				65
  158742				51
  280033				57
  385868				99
  235443				137
  492167				182
  17501				79
  88150				195
  344259				91
  73231				63
  283063				83
  56519				153
  323909				184
  384928				161
  446240				156
  461300				231
  63128				104
  180519				116
  368642				135
  411131				112
  60156				272
  430606				99
  325688				140
  192457				103
  373161				210
  70675				81
  487831				182
  14211				58
  326681				184
  353430				104
  436051				99
  397875				99
  12172				112
  216083				186
  283743				83
  247614				181
  208249				160
  301243				88
  352116				78
  52507				277
  390826				161
  135178				131
  109025				92
  214734				72
  20105				105
  71616				94
  192386				46
  99585				141
  252135				225
  77379				187
  27067				90
  328642				184
  24337				157
  369106				179
  37450				49
  413849				143
  439780				94
  25281				126
  428060				218
  282813				106
  395062				122
  364110				91
  180687				209
  423585				156
  80192				138
  464429				200
  171199				134
  288440				83
  282024				57
  39666				168
  340946				104
  172849				165
  191195				191
  466322				63
  403934				197
  227651				155
  37937				54
  96319				190
  343587				52
  306423				158
  173698				165
  370654				140
  151417				201
  214386				98
  256111				256
  188866				85
  128234				48
  195891				129
  230498				199
  56293				153
  478703				182
  125560				131
  420402				249
  159389				121
  49144				158
  16945				58
  140170				38
  236694				62
  321736				96
  422193				130
  292711				127
  179033				116
  95041				146
  483905				94
  145354				69
  498974				120
  227908				106
  199643				98
  111645				136
  87846				120
  22417				69
  301694				233
  474851				76
  173833				165
  16079				190
  230962				93
  379051				86
  144312				43
  426852				73
  109548				185
  216957				186
  421906				104
  235107				150
  153710				170
  81294				182
  300603				70
  170655				188
  237815				124
  37296				111
  492390				182
  160007				69
  330007				184
  171423				196
  271399				114
  330263				290
  333128				259
  270373				176
  74522				156
  49122				65
  398369				143
  162368				139
  71539				81
  200062				90
  137218				175
  261723				163
  216140				67
  368179				179
  140773				157
  376803				130
  311382				109
  250321				150
  93759				133
  233287				243
  1779				148
  247469				181
  330933				153
  302381				65
  434475				187
  68747				81
  339677				104
  443216				156
  245106				181
  186035				178
  114638				167
  16504				40
  32649				129
  464118				169
  303228				114
  123523				61
  13239				138
  217948				41
  285890				127
  101129				203
  418009				280
  439459				94
  362852				210
  150500				113
  323990				184
  3624				17
  27303				183
  151723				157
  270296				163
  137413				131
  385010				161
  272075				176
  401233				91
  232294				75
  74455				112
  335707				184
  301040				114
  430483				143
  278923				207
  62497				254
  132869				100
  409912				205
  95353				221
  165518				183
  374029				73
  398580				130
  305392				57
  403620				117
  132880				131
  107633				48
  21100				105
  50888				109
  47091				132
  383951				99
  217740				93
  387432				73
  403927				112
  245042				168
  39155				75
  190574				103
  398806				161
  440516				68
  462648				200
  300039				158
  172809				196
  53455				70
  135745				87
  490200				151
  483937				94
  431019				218
  52697				171
  133158				56
  340931				197
  148049				188
  298675				140
  231311				137
  62980				117
  120418				211
  151282				170
  195859				191
  228050				54
  172382				77
  263099				163
  291492				176
  56332				60
  480838				68
  178924				165
  476610				125
  242231				168
  234430				168
  167184				90
  141036				175
  174945				152
  146183				175
  457426				156
  347753				135
  199637				54
  93171				115
  354304				42
  199926				67
  40541				36
  423352				81
  333083				140
  381471				179
  71400				99
  148109				113
  112782				172
  150732				108
  268526				70
  264063				101
  362942				122
  496575				120
  452796				112
  142392				38
  304418				202
  9128				109
  123229				149
  483341				94
  2089				63
  381811				104
  217770				67
  185624				85
  22847				56
  409066				205
  331807				171
  496624				125
  273170				207
  47795				52
  106146				79
  127474				100
  264072				44
  146687				170
  50825				109
  113506				61
  28157				82
  138577				175
  261614				70
  157290				139
  305660				109
  46491				114
  437705				125
  168601				82
  59417				148
  390500				42
  310993				158
  363835				135
  415979				174
  450573				112
  363527				148
  434420				94
  332384				91
  81297				138
  120043				66
  371582				285
  6714				88
  468201				125
  368205				34
  279884				158
  32348				28
  474351				125
  423709				174
  312771				132
  137389				82
  490885				182
  426277				210
  181897				147
  129461				193
  187890				85
  339187				91
  451472				112
  250733				181
  293243				145
  136425				175
  310149				171
  200094				90
  463769				169
  190335				222
  132425				100
  414341				68
  53862				91
  66844				143
  263076				225
  135158				87
  203238				204
  134657				113
  158223				126
  187791				85
  19214				123
  438106				218
  236490				199
  9916				47
  378166				179
  49260				96
  147304				126
  369051				117
  475536				151
  329200				153
  14863				71
  179778				134
  184738				59
  466335				231
  430510				174
  494332				182
  102759				172
  257010				238
  194426				191
  66527				91
  447345				94
  343202				104
  480867				68
  1206				70
  426397				112
  260295				132
  152715				95
  129634				162
  394951				161
  310937				109
  333776				91
  430516				112
  265395				132
  86617				71
  440431				293
  143560				144
  135877				113
  104086				141
  28962				103
  127764				56
  449638				187
  43825				163
  307541				65
  150727				64
  10159				179
  254402				119
  145059				126
  129269				149
  11412				29
  355836				122
  195795				173
  458756				107
  199037				98
  193013				147
  476313				120
  125433				87
  453307				112
  129027				100
  271418				101
  364610				171
  456315				112
  121546				74
  295125				114
  221709				155
  208162				160
  251908				88
  381621				130
  344038				197
  355993				241
  426934				156
  471802				138
  321982				109
  470758				107
  295694				96
  472709				107
  497268				63
  50096				114
  117767				105
  126536				43
  61507				60
  473602				99
  322330				140
  36614				155
  188990				85
  15343				71
  12926				169
  314422				78
  485001				213
  158304				126
  102191				159
  349610				122
  114618				61
  223736				98
  144735				43
  352679				148
  431898				50
  396642				192
  250651				181
  292287				220
  268986				70
  177584				95
  280440				114
  90968				84
  148342				95
  76134				55
  80028				94
  145609				126
  142581				100
  197794				173
  288497				96
  204087				116
  187747				85
  110826				110
  257052				194
  376736				179
  142520				100
  286329				127
  207509				98
  143873				188
  444632				156
  309699				202
  493482				58
  75601				63
  49787				114
  138216				131
  428279				218
  498036				89
  51209				78
  178929				72
  306674				140
  336547				91
  372865				117
  87114				164
  443866				187
  21206				105
  179599				165
  23893				25
  183166				253
  322179				96
  238038				150
  471662				213
  42617				150
  425784				112
  98840				115
  299668				202
  318871				78
  257711				101
  102348				79
  42731				88
  401583				91
  63331				148
  368781				179
  395065				122
  138931				82
  418567				112
  49632				158
  83562				58
  432954				94
  117193				105
  278842				114
  239628				137
  470091				169
  151706				157
  343093				104
  413956				81
  189263				147
  22691				82
  454200				156
  388781				73
  361221				210
  208589				54
  376794				179
  403837				112
  134372				74
  491985				182
  219856				155
  469594				182
  249696				150
  322203				122
  12324				156
  167630				227
  401885				68
  381104				148
  79046				169
  57167				140
  316023				171
  145030				95
  157080				139
  265328				101
  278574				176
  435922				156
  4955				72
  248664				181
  103979				128
  364399				210
  178971				165
  309594				65
  403441				161
  149522				263
  198374				191
  264661				101
  358110				210
  91519				239
  168497				82
  8833				78
  83504				58
  404704				99
  478426				125
  349551				104
  226906				62
  7101				88
  33532				160
  145142				188
  404556				161
  112578				110
  202309				59
  236930				199
  273959				83
  359388				73
  2258				37
  52532				78
  311661				171
  23564				82
  317547				184
  431992				94
  387963				130
  496517				120
  257937				163
  291403				189
  162390				121
  472662				107
  56064				60
  20499				61
  64180				192
  240912				67
  29331				72
  147683				157
  145616				25
  24108				188
  13585				37
  388873				267
  31208				147
  47117				101
  34015				116
  452115				231
  176046				77
  252675				88
  189045				103
  450004				156
  128414				105
  191302				147
  2535				84
  456427				231
  214865				98
  336433				259
  388418				192
  102827				190
  349301				78
  162706				90
  410582				205
  11690				99
  135367				100
  482997				107
  32188				46
  199546				191
  223908				93
  77870				50
  363581				86
  369523				60
  101977				84
  377165				86
  258396				75
  149536				64
  424281				125
  308762				215
  118002				48
  116678				48
  61436				241
  307046				127
  66681				192
  206201				235
  498347				213
  85567				151
  162627				183
  229564				168
  421999				241
  67396				130
  348742				166
  271299				62
  230101				75
  259323				269
  299340				189
  365467				91
  242319				274
  347879				197
  81365				37
  482579				275
  425748				143
  444945				112
  352101				47
  44076				145
  322109				122
  126848				105
  209963				111
  262742				101
  451961				125
  327965				140
  379419				130
  13396				45
  135010				87
  462452				107
  235949				168
  149709				201
  48018				83
  398575				223
  395624				42
  486369				213
  482323				94
  244365				88
  274019				57
  212423				80
  20040				92
  73359				187
  94242				102
  278710				158
  421237				143
  175606				152
  261288				70
  363337				104
  120550				43
  129741				69
  423764				50
  459010				94
  256588				150
  133727				118
  238103				119
  208549				111
  478043				182
  133874				118
  238296				150
  129404				149
  112677				61
  474244				169
  295464				158
  177046				46
  389171				223
  191087				191
  163414				183
  371493				179
  451804				138
  453785				169
  83915				58
  471843				151
  27143				139
  194508				67
  266904				119
  464731				138
  370113				166
  28192				121
  344419				109
  7014				57
  157932				77
  268183				70
  482376				68
  430871				156
  418261				143
  236830				212
  155771				245
  396303				174
  387055				223
  394067				148
  42058				181
  499731				138
  384662				99
  337522				228
  176777				108
  273832				83
  28608				103
  356542				148
  161676				46
  496763				213
  310326				184
  261943				150
  468605				112
  353820				135
  456450				169
  251861				106
  318551				78
  342915				135
  280052				57
  179321				116
  366280				86
  454335				156
  447503				94
  348655				135
  401557				68
  382115				223
  101837				110
  57328				104
  278417				57
  488891				151
  467746				50
  320475				127
  4974				72
  352407				197
  174348				59
  181750				147
  142591				175
  219307				155
  38291				124
  304266				202
  216070				80
  364969				171
  66208				130
  201026				142
  218788				186
  22658				131
  452886				112
  53690				96
  365572				148
  249289				111
  233011				137
  231851				199
  203623				111
  196865				98
  96858				71
  121532				172
  78980				138
  215046				98
  178859				165
  373748				86
  203936				129
  146604				157
  210574				217
  225261				230
  499010				89
  384921				148
  407010				86
  141600				51
  104228				141
  461653				50
  462218				76
  320297				171
  342973				135
  28425				103
  21322				56
  61760				29
  67434				161
  490560				63
  115450				74
  433005				68
  239848				75
  348460				73
  181208				209
  459823				94
  45324				132
  294417				158
  81354				89
  124303				61
  25814				77
  260212				44
  14403				164
  229749				124
  423167				143
  224976				155
  471362				76
  422176				130
  109897				216
  394723				42
  80128				138
  214124				124
  356375				122
  58697				78
  50772				83
  215699				217
  87121				164
  88445				102
  277459				176
  154555				170
  79004				169
  392908				55
  103911				172
  318852				122
  257719				101
  301470				171
  278674				207
  319394				78
  112238				185
  376379				130
  460049				156
  138051				175
  136590				206
  474451				151
  384152				86
  59756				73
  199426				98
  355513				210
  498283				213
  325674				39
  250235				137
  94762				40
  39797				75
  122962				87
  153458				64
  106920				141
  338660				109
  256931				57
  195365				103
  116118				198
  411485				174
  290720				70
  25377				56
  15395				53
  109571				141
  283095				176
  333217				153
  404596				68
  102489				79
  445454				63
  280974				132
  62537				135
  83505				89
  433915				187
  53339				122
  467656				200
  10022				91
  252764				194
  323168				91
  24657				157
  78438				169
  89754				115
  135770				113
  134586				69
  212715				80
  289228				70
  257858				132
  51375				96
  46158				57
  453222				63
  183844				85
  473994				138
  260293				101
  209221				111
  5740				80
  386216				47
  8667				127
  338956				109
  290811				96
  127507				224
  300762				140
  88137				164
  206395				142
  384266				73
  38403				168
  259733				163
  368273				73
  48425				101
  12497				156
  207792				204
  89433				45
  107286				216
  313897				109
  225202				155
  241871				181
  26612				77
  30781				147
  16080				71
  94338				84
  76938				50
  469301				76
  278181				207
  67283				68
  245946				44
  3753				162
  73023				143
  132161				69
  28772				165
  428330				73
  422971				174
  156278				77
  229091				80
  27459				59
  362673				210
  129708				193
  65862				117
  138757				131
  14332				102
  130638				193
  167605				90
  238475				168
  236422				243
  274890				83
  52372				140
  461623				231
  33113				116
  78983				99
  492404				120
  49192				158
  189672				77
  85693				50
  34845				111
  484204				169
  152976				82
  280790				114
  487957				76
  242350				137
  412950				130
  16728				40
  187031				85
  352272				104
  189357				222
  416122				205
  396083				73
  68381				130
  62181				117
  461944				76
  207138				67
  92865				177
  108933				185
  374742				179
  331339				153
  345354				197
  165984				46
  383710				223
  323328				184
  199096				98
  479044				76
  315731				153
  248287				119
  168715				183
  417776				112
  299483				96
  152919				108
  87103				195
  80272				45
  157227				51
  329452				122
  9573				73
  190306				147
  32834				116
  378197				29
  396014				192
  465307				81
  274279				145
  464395				138
  27488				152
  252574				181
  187884				85
  136704				30
  361506				65
  62625				109
  468042				200
  223211				137
  228608				80
  368104				241
  46538				145
  444055				117
  347147				166
  378621				135
  192342				85
  32214				46
  296396				145
  8176				65
  201484				67
  399850				192
  104800				141
  375062				86
  245653				119
  114372				79
  81719				94
  278486				114
  8920				96
  477732				76
  243793				93
  283198				176
  442126				125
  287632				52
  35771				80
  130009				43
  424335				81
  413628				174
  208986				173
  392376				117
  136838				82
  453945				169
  276831				176
  199728				54
  398000				99
  123978				167
  78348				169
  106693				71
  172543				134
  391095				73
  114868				123
  390378				161
  290944				145
  219667				67
  281791				132
  36596				124
  350391				127
  363509				47
  315081				52
  359310				210
  341240				104
  58873				122
  158860				139
  299718				88
  346504				47
  194630				67
  446078				138
  287190				282
  108258				141
  155063				77
  179566				209
  261447				132
  125360				61
  456396				200
  461174				275
  23359				82
  96725				97
  39521				168
  130051				162
  285619				75
  430615				94
  244918				181
  175996				121
  221558				80
  480937				182
  474138				125
  274505				119
  331327				153
  337646				184
  89586				71
  206988				173
  178886				72
  164810				64
  365847				135
  494955				195
  11314				112
  76829				200
  457384				81
  314855				202
  201438				67
  128799				100
  494420				151
  462884				76
  254158				106
  467168				169
  424058				81
  277516				132
  80244				45
  479930				68
  407566				143
  365863				135
  410545				81
  152483				108
  58210				73
  148454				95
  133419				92
  32348				28
  422959				205
  481097				213
  386345				192
  28896				121
  204437				142
  81582				89
  193705				98
  86635				164
  76536				81
  221370				49
  179815				240
  33920				129
  36225				41
  381252				117
  162718				183
  46996				57
  360488				65
  416875				135
  14163				102
  284545				75
  194390				72
  94407				177
  264474				145
  118307				61
  476621				169
  191370				54
  270789				88
  51182				78
  356176				122
  420560				68
  83529				58
  279134				158
  418008				205
  469874				200
  308029				171
  138796				162
  51455				233
  18085				185
  241783				212
  144343				100
  239455				168
  421597				174
  194614				222
  275679				163
  302849				65
  357331				104
  322674				215
  163336				90
  290557				96
  353189				122
  464232				76
  1298				145
  463947				138
  245057				88
  119604				105
  440567				125
  436427				125
  406744				112
  491748				89
  292602				189
  343655				228
  91629				84
  88087				195
  261663				225
  77854				169
  412467				130
  416810				112
  145660				188
  430551				143
  158592				139
  290002				145
  170005				59
  80189				68
  484615				319
  462035				76
  399389				91
  358297				166
  301061				114
  79076				125
  148853				38
  154249				139
  43307				70
  166502				152
  118195				74
  304715				39
  286105				220
  75113				112
  241141				93
  192849				191
  66860				130
  50094				70
  36503				62
  174840				59
  154532				113
  314517				52
  252693				44
  66998				174
  231327				137
  398353				143
  13901				107
  406270				249
  204706				80
  200257				116
  486458				76
  205673				142
  162292				121
  385846				130
  63969				148
  479704				76
  481273				275
  229174				168
  133952				131
  40931				137
  395675				267
  268498				119
  345646				197
  198132				173
  343610				91
  86786				164
  407332				86
  426821				99
  153232				157
  443834				187
  101661				58
  307763				83
  274703				114
  354353				197
  391113				130
  22381				131
  269057				70
  405013				60
  428650				99
  473763				213
  105269				141
  415108				130
  179435				103
  283912				83
  317305				153
  259755				163
  279967				251
  314930				140
  5280				116
  413918				143
  355860				122
  417307				205
  198767				98
  201505				248
  115438				167
  42376				101
  304643				57
  22769				69
  469197				156
  457874				200
  482954				76
  70857				112
  265636				145
  257656				88
  441561				125
  173100				165
  296388				114
  210618				142
  78112				76
  225038				85
  200732				160
  199733				54
  156497				108
  396518				73
  499996				112
  490153				213
  172624				165
  279963				207
  305082				57
  177904				165
  210232				80
  160942				152
  95210				53
  408999				161
  362446				210
  226999				106
  451374				94
  167088				64
  266119				207
  436922				187
  124961				136
  249072				88
  24130				51
  406949				60
  23080				51
  465691				306
  96400				97
  335819				109
  176308				147
  174512				165
  60856				86
  393391				192
  390596				161
  217352				41
  289908				44
  390591				179
  207505				134
  462531				76
  170553				196
  12586				63
  156786				201
  397137				117
  173527				134
  268347				114
  306135				96
  52325				171
  495345				151
  273860				83
  219412				62
  277815				207
  210782				173
  360725				91
  43239				194
  234911				181
  284025				251
  82670				182
  216953				93
  380424				60
  418488				143
  409612				81
  71287				99
  479344				213
  303002				65
  461882				76
  213047				217
  92909				58
  368825				254
  420551				218
  71792				50
  55729				91
  449489				86
  228577				137
  452865				112
  139367				113
  496924				226
  258999				194
  191691				98
  8620				171
  49211				233
  427455				249
  302787				171
  259992				101
  304531				65
  346025				259
  11254				60
  104907				141
  428694				99
  228207				80
  1682				42
  347181				166
  137818				82
  72969				218
  342876				104
  440820				125
  51202				171
  55923				91
  50080				127
  436378				42
  492825				63
  121871				118
  492107				182
  442313				187
  366800				34
  461323				76
  98032				66
  380075				223
  236674				62
  306074				83
  405046				130
  285884				75
  249880				150
  207832				54
  62227				210
  54410				91
  53856				47
  73480				187
  175668				134
  498901				151
  301686				158
  177350				196
  346082				73
  455856				156
  266670				93
  205309				191
  396675				161
  334223				65
  261231				194
  463106				112
  270601				207
  270408				88
  101329				110
  279059				132
  212720				80
  484480				138
  256733				75
  327103				290
  364554				86
  493406				151
  133177				56
  269599				238
  279289				83
  383056				99
  477431				120
  357867				254
  453818				63
  47638				145
  431347				94
  129485				56
  46539				145
  249384				106
  323186				52
  408972				130
  205239				160
  89855				301
  114280				35
  118265				198
  440430				169
  391863				130
  81371				120
  211030				142
  162270				90
  199051				129
  6440				23
  374989				254
  183530				178
  263172				101
  218444				248
  48083				96
  256578				150
  351620				104
  334033				140
  52218				78
  234675				199
  327815				122
  410085				236
  188492				85
  391805				192
  357783				241
  334329				259
  438343				218
  107166				71
  157514				201
  347314				109
  328757				153
  263721				150
  477945				81
  447021				94
  204150				116
  369807				60
  44743				70
  431531				94
  32076				160
  260145				132
  437970				187
  423417				130
  443674				156
  201141				67
  141860				82
  8108				158
  474070				236
  493479				231
  358493				73
  42640				57
  244505				124
  186307				134
  469076				107
  432997				143
  78111				275
  326858				47
  283677				127
  32805				116
  450375				86
  441190				63
  396470				99
  295483				96
  204910				80
  374415				210
  242504				150
  409059				81
  244221				256
  303598				83
  340589				228
  292649				127
  63743				148
  294910				127
  216065				142
  23768				51
  12403				37
  357924				272
  31876				54
  486472				89
  367754				148
  390368				161
  29111				134
  112258				61
  93026				53
  498186				45
  61606				148
  187489				108
  341395				153
  345282				197
  220293				155
  308122				109
  302824				65
  133115				100
  103604				53
  24085				43
  7529				62
  362459				210
  449496				187
  268101				163
  166057				214
  290084				127
  60749				179
  246151				62
  101346				172
  293165				158
  286270				189
  113748				123
  167440				134
  318145				277
  100219				141
  35193				155
  224864				62
  145682				113
  163803				139
  334242				91
  160219				139
  225408				111
  38082				106
  17966				185
  87042				71
  258374				101
  326087				91
  389865				148
  407840				86
  429690				99
  430301				218
  415368				55
  292149				70
  379796				78
  199821				67
  474557				125
  186232				121
  276921				57
  237059				137
  287577				189
  70086				37
  23328				38
  401324				143
  237525				243
  357825				166
  17894				97
  289070				52
  99040				40
  163575				90
  452872				156
  433281				143
  340146				60
  178279				147
  471362				76
  358111				210
  281672				158
  246088				119
  184197				116
  187888				85
  153927				157
  130238				162
  118189				74
  85647				151
  438738				68
  497984				45
  285467				158
  413294				112
  184215				178
  62387				148
  150352				126
  488143				151
  148824				188
  173680				209
  389466				161
  402701				91
  31504				28
  423712				125
  191770				85
  130543				105
  103638				66
  144641				95
  80176				94
  443783				156
  339271				135
  67889				112
  318245				78
  120943				66
  313976				127
  18793				110
  325182				96
  484255				213
  149031				157
  443370				94
  69901				143
  87768				270
 